word;
4r5e;
5h1t;
5hit;
a_s_s;
anal;
anilingus;
anus;
apeshit;
ar5e;
arrse;
arse;
arsehole;
ass clown;
ass-fucker;
ass;
assclown;
asses;
assface;
assfucker;
assfukka;
asshat;
asshole;
assholes;
assmunch;
asswhole;
auto erotic;
autoerotic;
b!tch;
b00bs;
b17ch;
b1tch;
babeland;
ball gag;
ball licking;
ball sack;
ball sucking;
ballgag;
bangbros;
bare naked;
bareback;
barely legal;
bastard;
bastardo;
bbw;
bdsm;
beastial;
beastiality;
beaver lips;
beef curtain;
beef curtains;
bestial;
bestiality;
bi+ch;
biatch;
big breasts;
big knockers;
big tits;
bimbos;
bitch;
bitcher;
bitchers;
bitches;
bitchin;
bitching;
blow job;
blow jobs;
blow your load;
blowjob;
blowjobs;
blumpkin;
bollock;
bollocks;
bollok;
bondage;
boner;
boob;
boobs;
booobs;
boooobs;
booooobs;
booooooobs;
booty call;
breasts;
bugger;
bukkake;
bulldyke;
bullshit;
bum;
bung hole;
bunghole;
bunny fucker;
busty;
butt;
buttcheeks;
butthole;
buttmuch;
buttplug;
c0ck;
c0cksucker;
camel toe;
camgirl;
camslut;
camwhore;
carpet licker;
carpet muncher;
carpetmuncher;
cawk;
chink;
chocolate rosebuds;
cipa;
circlejerk;
cl1t;
cleveland steamer;
clit;
clitoris;
clits;
clover clamps;
clusterfuck;
cnut;
cock-sucker;
cock;
cockface;
cockhead;
cockmunch;
cockmuncher;
cocks;
cocksuck;
cocksucked;
cocksucker;
cocksucking;
cocksucks;
cocksuka;
cocksukka;
cokmuncher;
coksucka;
coon;
coons;
coprolagnia;
coprophilia;
cornhole;
crap;
creampie;
cum skank;
cum slut;
cum;
cummer;
cumming;
cums;
cumshot;
cunilingus;
cunillingus;
cunnilingus;
cunt lips;
cunt;
cuntlick;
cuntlicker;
cuntlicking;
cunts;
cyalis;
cyberfuc;
cyberfuck;
cyberfucked;
cyberfucker;
cyberfuckers;
cyberfucking;
d1ck;
damn;
darkie;
date rape;
daterape;
deep throat;
deepthroat;
dendrophilia;
dickhead;
dickturd;
dildo;
dildos;
dink;
dinks;
dirsa;
dirty sanchez;
dlck;
dog style;
dog-fucker;
doggie style;
doggiestyle;
doggy style;
doggystyle;
dolcett;
domination;
dominatrix;
doosh;
double dong;
double penetration;
douche;
dp action;
dry hump;
duche;
dyke;
eat my ass;
ejaculate;
ejaculated;
ejaculates;
ejaculating;
ejaculatings;
ejaculation;
ejakulate;
erotic;
erotism;
escort;
f u c k e r;
f u c k;
f4nny;
f_u_c_k;
fag;
fagging;
faggitt;
faggot;
faggs;
fagot;
fagots;
fags;
fanny;
fannyflaps;
fannyfucker;
fanyy;
fatass;
fck;
fcuk;
fcuker;
fcuking;
fecal;
feck;
fecker;
felch;
felching;
fellate;
fellatio;
feltch;
female squirting;
femdom;
fingerbang;
fingerfuck;
fingerfucked;
fingerfucker;
fingerfuckers;
fingerfucking;
fingerfucks;
fingering;
fistfuck;
fisting;
fook;
fooker;
foot fetish;
footjob;
fuck;
fucker;
fuckhead;
fuckheads;
fuckin;
fuckme;
fucks;
fucktard;
fucktards;
fuckwhit;
fuckwit;
fudge packer;
fudgepacker;
fuk;
fuker;
fukker;
fukkin;
fuks;
fukwhit;
fukwit;
futanari;
fux0r;
fux;
g-spot;
gag-ball;
gang bang;
gangbang;
gangbanged;
gangbangs;
gay sex;
gaylord;
gaysex;
genitals;
giant cock;
girl on top;
girls gone wild;
goatcx;
goatse;
god damn;
god-dam;
god-damned;
goddamn;
goddamned;
gokkun;
golden shower;
goo girl;
goodpoop;
goregasm;
grope;
group sex;
guro;
hand job;
handjob;
hard core;
hardcore;
hardcoresex;
hell;
hentai;
heshe;
hoar;
hoare;
hoer;
homo;
homoerotic;
honkey;
hooker;
hore;
horniest;
horny;
hot chick;
hotsex;
how to kill;
how to murder;
huge fat;
humping;
incest;
intercourse;
jack off;
jack-off;
jackoff;
jail bait;
jailbait;
jap;
jerk off;
jerk-off;
jerk;
jigaboo;
jiggaboo;
jiggerboo;
jism;
jiz;
jizm;
jizz;
juggs;
kawk;
kike;
kinbaku;
kinkster;
kinky;
knob end;
knob;
knobbing;
knobead;
knobed;
knobend;
knobhead;
knobjocky;
knobjokey;
kock;
kondum;
kondums;
kum;
kummer;
kumming;
kums;
kunilingus;
kyke;
l3i+ch;
l3itch;
labia;
labias;
lust;
lusting;
m0f0;
m0fo;
m45terbate;
ma5terb8;
ma5terbate;
male squirting;
masochist;
master-bate;
masterb8;
masterbat*;
masterbat3;
masterbate;
masterbation;
masterbations;
masturbate;
menage a trois;
milf;
missionary position;
mo-fo;
mof0;
mofo;
mothafuck;
mothafucka;
mothafuckas;
mothafuckaz;
mothafucked;
mothafucker;
mothafuckers;
mothafuckin;
mothafucking;
mothafuckings;
mothafucks;
mother fucker;
motherfuck;
motherfucked;
motherfucker;
motherfuckers;
motherfuckin;
motherfucking;
motherfuckings;
motherfuckka;
motherfucks;
mound of venus;
mr hands;
muff diver;
muff;
muffdiving;
mutha;
muthafecker;
muthafuckker;
muther;
mutherfucker;
n1gga;
n1gger;
nambla;
nawashi;
nazi;
negro;
neonazi;
nig nog;
nigg3r;
nigg4h;
nigga;
niggas;
niggaz;
nigger;
niggers;
nimphomania;
nipple;
nipples;
nob jokey;
nob;
nobhead;
nobjocky;
nobjokey;
nsfw images;
nude;
nudity;
numbnuts;
nutsack
nutsack;
nympho;
nymphomania;
omorashi;
one cup two girls;
one guy one jar;
orgasim;
orgasims;
orgasm;
orgasms;
orgy;
p0rn;
paedophile;
paki;
palm sisters;
panties;
panty;
pawn;
pecker;
pedobear;
pedophile;
pegging;
penis;
penisfucker;
phone sex;
phonesex;
phuck;
phuk;
phuked;
phuking;
phukked;
phukking;
phuks;
phuq;
piece of shit;
pigfucker;
pimp;
pimpis;
pimps;
piss flaps;
piss pig;
piss;
pissed;
pisser;
pissers;
pisses;
pissflaps;
pissin;
pissing;
pissoff;
pisspig;
playboy;
pleasure chest;
pole smoker;
ponyplay;
poof;
poon;
poontang;
poop chute;
poop;
poopchute;
porn;
porno;
pornography;
pornos;
prick;
pricks;
prince albert piercing;
pron;
pthc;
pube;
pubes;
punany;
pusse;
pussi;
pussies;
pussy lipps;
pussy lips;
pussy;
pussys;
queaf;
queef;
queer;
quim;
raghead;
raging boner;
rape;
raping;
rapist;
rectum;
retard;
reverse cowgirl;
rim job;
rimjaw;
rimjob;
rimming;
rub and tug;
rusty trombone;
s hit;
s&m;
s.o.b.;
s_h_i_t;
sadism;
sadist;
scat;
schlong;
scroat;
scrote;
scrotum;
semen;
sh!+;
sh!t;
sh1t;
shag;
shagger;
shaggin;
shagging;
shaved beaver;
shaved pussy;
shemale;
shi+;
shibari;
shit stain;
shit;
shitdick;
shite;
shited;
shitey;
shitfuck;
shitfull;
shithead;
shiting;
shitings;
shitpipe;
shits;
shitted;
shitter;
shitters;
shitting;
shittings;
shitty;
skank;
skeet;
slanteye;
slut;
sluts;
smegma;
smut;
snatch;
snowballing;
sodomize;
sodomy;
son-of-a-bitch;
spead your legs;
spic;
splooge moose;
splooge;
spooge;
spread my legs;
spunk;
strap on;
strapon;
strappado;
strip club;
style doggy;
suck;
sucks;
suicide girls;
sultry women;
swastika;
swinger;
t1tt1e5;
t1tties;
tea bagging;
teets;
teez;
testical;
testicle;
threesome;
throating;
tied up;
tight white;
tit;
titfuck;
tits;
titt;
tittie-fuck;
tittie5;
tittiefucker;
titties;
titty-fuck;
titty;
tittyfuck;
tittywank;
titwank;
tongue in a;
topless;
tosser;
towelhead;
tranny;
tribadism;
tube girl;
tubegirl;
tug my;
turd;
tw4t;
twat face;
twat;
twathead;
twatty;
twink;
twinkie;
twunt;
twunter;
undressing;
upskirt;
urethra play;
v14gra;
v1gra;
vagina;
viagra;
vibrator;
voyeur;
vulva;
w00se;
wang;
wank;
wanker;
wanky;
wet dream;
wetback;
white power;
whoar;
whore;
wtf;
xx;
xxx;
yaoi;
yiffy;
zoophilia;
